Produto:;JAN;FEV;MAR;ABR;MAI;JUN;JUL;AGO;SET;OUT;NOV;DEZ;QTD TOTAL:;PREÇO UNIT. R$;;;;;;;;;
Papel Toalha;89;77;42;45;43;83;56;92;29;57;71;21;; R$ 8,90 ;;;;;;;;;
Papel Higiênico;72;54;13;26;74;60;56;75;63;27;49;83;; R$ 0,70 ;;;;;;;;;
Sabonete Espuma;72;50;66;22;11;77;66;19;85;29;28;75;; R$ 1,88 ;;;;;;;;;
Sabonete Desengraxante;63;36;63;93;81;59;93;94;76;79;71;32;; R$ 3,57 ;;;;;;;;;
Protetor de Assento Sanitário;99;92;55;74;74;22;25;73;54;67;94;76;; R$ 2,50 ;;;;;;;;;
Saquinho de Absorvente Íntimo;13;41;77;64;33;92;82;24;49;82;15;68;; R$ 3,99 ;;;;;;;;;
Tela de Mictório;53;71;96;45;60;40;46;20;24;33;82;62;; R$ 4,58 ;;;;;;;;;
Toalheiro;91;26;12;36;25;40;73;45;44;49;90;73;; R$ 12,00 ;;;;;;;;;
Porta Papel Higiênico;88;39;12;82;44;94;56;66;95;23;15;20;; R$ 12,69 ;;;;;;;;;
Saboneteira;93;46;34;11;75;51;21;90;48;58;98;72;; R$ 2,39 ;;;;;;;;;
Fio Dental;63;61;19;54;72;21;25;73;93;49;27;31;; R$ 1,55 ;;;;;;;;;
Detergente Louça;31;34;78;29;64;68;17;36;34;54;53;78;; R$ 1,87 ;;;;;;;;;
Limpador Perfumado;67;10;30;90;25;85;40;10;71;53;67;30;; R$ 3,60 ;;;;;;;;;
Desinfetante;40;74;33;34;94;16;14;16;36;94;54;92;; R$ 4,80 ;;;;;;;;;
Limpador Geral Oxiativo;69;14;92;60;65;13;77;39;12;54;59;32;; R$ 5,99 ;;;;;;;;;
Desengraxante;31;55;12;41;32;41;99;37;91;81;20;23;; R$ 7,40 ;;;;;;;;;
Pano de Chão;51;79;42;83;69;69;83;33;43;93;10;74;; R$ 1,80 ;;;;;;;;;
Pano para Mobília;89;70;65;10;61;38;22;34;73;38;64;46;; R$ 1,20 ;;;;;;;;;
Vassoura;37;84;47;67;21;51;43;79;38;65;73;48;; R$ 10,00 ;;;;;;;;;
Refil Mop Pó;91;15;78;96;26;37;60;93;55;33;74;68;; R$ 24,00 ;;;;;;;;;
Refil Mop água;88;26;90;31;29;99;32;52;47;29;10;67;; R$ 25,00 ;;;;;;;;;
Cera para Piso;79;17;97;85;83;70;10;75;100;50;15;75;; R$ 7,00 ;;;;;;;;;
Desodorizador;62;19;18;26;53;65;72;70;82;88;27;64;; R$ 8,90 ;;;;;;;;;
Álcool 70;26;54;26;77;53;59;87;33;69;62;81;59;; R$ 0,70 ;;;;;;;;;
Sapóleo;14;85;94;72;30;74;56;92;19;50;85;79;; R$ 1,88 ;;;;;;;;;
Lustra Móveis;73;20;87;15;37;18;49;33;89;93;57;13;; R$ 3,57 ;;;;;;;;;
Água Sanitária;80;82;47;18;91;45;22;61;50;31;25;88;; R$ 2,50 ;;;;;;;;;
Álcool Gel;71;81;51;11;55;97;44;59;46;29;68;27;; R$ 3,99 ;;;;;;;;;
Esponja Azul Não Risca;14;94;26;97;47;50;71;35;12;27;39;13;; R$ 4,58 ;;;;;;;;;
Esponja Rosa;53;41;38;80;54;16;35;20;13;23;37;72;; R$ 12,00 ;;;;;;;;;
Fibra Serviço Pesado Verde;18;80;25;69;26;74;43;92;27;64;71;93;; R$ 12,69 ;;;;;;;;;
Fibra Uso Geral Verde;56;72;40;37;97;49;12;67;91;29;89;100;; R$ 2,39 ;;;;;;;;;
Fibra Não Risca Azul;79;63;91;39;39;79;40;21;88;98;72;83;; R$ 1,55 ;;;;;;;;;
Fibra Não Risca Rosa;82;89;72;53;53;74;87;69;82;87;60;10;; R$ 1,87 ;;;;;;;;;
Disco de Limpeza;74;24;93;62;63;33;72;17;89;18;55;33;; R$ 3,60 ;;;;;;;;;
Escova de Nylon Manual;74;99;53;39;10;77;69;12;48;97;94;61;; R$ 4,80 ;;;;;;;;;
Escola Lavatina;10;50;31;16;89;74;90;45;51;28;11;99;; R$ 5,99 ;;;;;;;;;
Balde Plástico;43;14;49;25;60;24;77;50;28;59;90;89;; R$ 7,40 ;;;;;;;;;
Caneca de Diluição;12;30;72;19;88;99;58;55;49;46;57;78;; R$ 1,80 ;;;;;;;;;
Sabão em Pó;68;75;35;65;45;10;29;25;23;39;48;99;; R$ 1,20 ;;;;;;;;;
Sabão em Pedra;35;51;94;38;59;10;93;22;13;71;66;85;; R$ 10,00 ;;;;;;;;;
Desentupidor;15;27;82;90;52;62;45;62;94;80;11;33;; R$ 24,00 ;;;;;;;;;
Guardanapo;49;41;84;95;43;45;58;28;61;100;17;85;; R$ 25,00 ;;;;;;;;;
Suporte LT;14;48;28;13;64;18;71;61;12;40;33;76;; R$ 7,00 ;;;;;;;;;
Armação Mop Pó;17;35;76;17;15;90;83;89;75;27;41;26;; R$ 8,90 ;;;;;;;;;
Cabo de Alumínio;63;87;54;32;53;50;49;31;58;37;87;46;; R$ 7,00 ;;;;;;;;;
Rodo de Alumínio;37;97;15;39;17;59;17;83;19;60;85;41;; R$ 9,00 ;;;;;;;;;
Espanador;98;56;20;72;38;99;65;89;70;16;100;68;; R$ 5,90 ;;;;;;;;;
Saco de Lixo 20 litros;27;95;67;74;90;98;81;48;21;36;54;88;; R$ 2,50 ;;;;;;;;;
Saco de Lixo 40 litros;55;55;85;46;84;39;83;53;40;40;67;36;; R$ 3,99 ;;;;;;;;;
Saco de Lixo 100 litros;72;83;74;96;32;23;12;20;94;46;76;26;; R$ 4,58 ;;;;;;;;;
Lixeira;41;74;46;61;16;17;80;51;50;23;38;11;; R$ 12,00 ;;;;;;;;;
Lixeira Grande;21;89;25;79;63;95;81;26;16;55;94;64;; R$ 12,69 ;;;;;;;;;
Pá de Lixo;71;73;78;35;40;91;33;74;15;45;46;46;; R$ 2,39 ;;;;;;;;;
Luva Amarela P;92;62;25;26;80;34;12;53;53;89;91;88;; R$ 1,55 ;;;;;;;;;
Luva Amarela M;77;75;77;13;85;24;84;67;92;44;21;32;; R$ 1,87 ;;;;;;;;;
Luva Azul G;91;65;77;52;56;67;36;84;33;84;17;63;; R$ 3,60 ;;;;;;;;;
Luva Azul M;84;76;97;50;29;31;96;92;44;72;22;82;; R$ 4,80 ;;;;;;;;;
Máscara Descartável;74;21;68;100;69;70;73;75;22;22;24;85;; R$ 5,99 ;;;;;;;;;
Bota 34;26;26;95;69;83;25;89;69;98;42;28;93;; R$ 28,90 ;;;;;;;;;
